{
  "prepare_queue": {
    "installed": [],
    "uninstalled": []
  },
  "config_munge": {
    "files": {}
  },
  "installed_plugins": {
    "cordova-plugin-whitelist": {
      "PACKAGE_NAME": "org.apache.cordova.myApp"
    },
    "cordova-plugin-dialogs": {
      "PACKAGE_NAME": "org.apache.cordova.myApp"
    }
  },
  "dependent_plugins": {},
  "modules": [
    {
      "file": "plugins/cordova-plugin-dialogs/www/notification.js",
      "id": "cordova-plugin-dialogs.notification",
      "pluginId": "cordova-plugin-dialogs",
      "merges": [
        "navigator.notification"
      ]
    },
    {
      "file": "plugins/cordova-plugin-dialogs/www/browser/notification.js",
      "id": "cordova-plugin-dialogs.notification_browser",
      "pluginId": "cordova-plugin-dialogs",
      "merges": [
        "navigator.notification"
      ]
    }
  ],
  "plugin_metadata": {
    "cordova-plugin-whitelist": "1.3.4",
    "cordova-plugin-dialogs": "2.0.2"
  }
}
